id,host,hostType,hour,weekday,giveawayOpen,boost,riskFlags,views,peakRoom,avgWatchMin,impressions,clicks,orders,gmv,ctr,cvr,gpm,comments,likes,replies
1,Priya,human,21,5,1,2.04,0,15560,1575,9.62,107663,7208,844,28416,6.69,11.71,1826.22,3085,14332,102
2,Jules,human,19,1,1,1.87,0,9717,985,9.71,67751,4528,530,17870,6.68,11.7,1839.04,1936,9073,96
3,Jules,human,21,6,1,2.08,0,15390,1507,9.63,106802,7287,853,28637,6.82,11.71,1860.75,2924,14174,84
4,Priya,human,19,6,1,2.13,0,15424,1558,9.66,107055,6996,851,28179,6.53,12.16,1826.96,3086,14522,120
5,Ren,human,21,3,1,1.95,7,14759,1505,9.78,103926,6796,765,25305,6.54,11.26,1714.55,2769,13530,48
6,Ren,human,22,0,1,1.89,7,11606,1130,9.79,81959,5493,611,20079,6.7,11.12,1730.05,2216,10771,48
7,Priya,human,19,6,0,1.32,0,8537,915,9.87,60396,4031,502,16718,6.67,12.45,1958.3,1735,8086,132
8,Kai,ai,14,0,1,1.91,0,6802,521,7.24,35458,2314,255,8555,6.53,11.02,1257.72,859,4488,0
9,Maya,human,22,3,1,1.9,0,12022,1207,9.82,85012,5740,693,23097,6.75,12.07,1921.23,2420,11371,108
10,Kai,ai,15,6,0,1.21,0,5278,427,7.31,27856,1884,235,7775,6.76,12.47,1473.1,631,3413,0
11,Jules,human,19,0,0,1.31,0,7312,750,9.71,51103,3535,491,16479,6.92,13.89,2253.69,1418,6655,90
12,Priya,human,19,4,0,1.25,0,7113,692,9.77,49796,3273,440,14620,6.57,13.44,2055.39,1448,6648,138
13,Priya,human,19,6,1,2.01,0,12391,1243,9.89,88376,5933,684,23156,6.71,11.53,1868.78,2581,11681,120
14,Priya,human,19,3,0,1.19,0,7113,728,10.08,51490,3433,420,13800,6.67,12.23,1940.11,1459,6831,132
15,Nova,ai,23,2,1,2.07,0,7667,629,7.37,40644,2573,296,9884,6.33,11.5,1289.16,952,5303,0
16,Priya,human,18,0,0,1.2,0,4858,498,9.82,34464,2377,333,11217,6.9,14.01,2308.97,1010,4430,120
17,Maya,human,21,2,1,1.89,0,16404,1579,9.48,112201,7693,891,29799,6.86,11.58,1816.57,3245,14894,114
18,Priya,human,19,3,0,1.33,0,7276,754,9.83,51574,3490,460,15080,6.77,13.18,2072.57,1505,6763,114
19,Priya,human,19,6,1,2.05,0,12615,1308,9.83,89205,6094,725,24085,6.83,11.9,1909.24,2571,12091,108
20,Jules,human,19,1,0,1.29,0,7655,770,9.65,53321,3588,473,15857,6.73,13.18,2071.46,1506,6951,102
21,Kai,ai,16,0,1,1.85,0,6295,478,7.22,32814,2123,229,7401,6.47,10.79,1175.69,845,4253,0
22,Kai,ai,16,0,1,1.77,0,6739,537,7.07,34103,2111,220,7240,6.19,10.42,1074.34,831,4360,0
23,Kai,ai,14,5,1,1.81,0,6479,525,7.3,34071,2274,225,7705,6.67,9.89,1189.23,819,4401,0
24,Ren,human,20,1,1,1.91,7,11176,1175,10.02,80782,5299,559,18451,6.56,10.55,1650.95,2253,10550,66
25,Nova,ai,13,3,1,1.82,0,4946,392,7.4,26418,1723,183,6127,6.52,10.62,1238.78,611,3352,0
26,Ren,human,19,4,1,1.93,6,14826,1577,9.67,102998,6773,746,24694,6.58,11.01,1665.59,2815,13486,48
27,Priya,human,20,1,0,1.25,0,7683,771,9.88,54712,3748,497,16513,6.85,13.26,2149.29,1643,7203,126
28,Ren,human,18,0,0,1.29,7,8315,797,9.91,59581,3912,512,16888,6.57,13.09,2031.03,1632,7575,48
29,Nova,ai,22,4,1,1.86,0,7368,595,7.24,38381,2297,224,7316,5.98,9.75,992.94,901,4926,0
30,Priya,human,18,5,1,1.95,0,12334,1255,9.95,88646,5904,666,22474,6.66,11.28,1822.12,2673,12052,138
31,Priya,human,20,6,0,1.32,0,8103,846,10.01,58406,4122,569,19161,7.06,13.8,2364.68,1719,7687,132
32,Ren,human,20,3,0,1.26,7,8965,926,9.95,63894,4224,559,18951,6.61,13.23,2113.89,1835,8203,66
33,Ren,human,19,2,0,1.22,7,8091,826,9.96,57994,3734,463,15087,6.44,12.4,1864.66,1561,7489,54
34,Ren,human,21,0,0,1.29,7,10336,1049,9.93,73940,5019,645,21545,6.79,12.85,2084.46,2067,9670,54
35,Maya,human,21,6,0,1.21,0,9370,937,9.63,65263,4459,621,20849,6.83,13.93,2225.08,1823,8494,90
36,Jules,human,19,5,1,1.97,0,11189,1175,9.59,77357,5181,613,20237,6.7,11.83,1808.65,2343,10307,96
37,Nova,ai,17,3,0,1.28,0,5755,491,7.26,30113,1885,224,7496,6.26,11.88,1302.52,714,3842,0
38,Maya,human,19,6,0,1.24,0,10626,1066,9.71,74317,5031,673,22297,6.77,13.38,2098.34,2110,9734,108
39,Kai,ai,22,6,1,1.87,0,9758,759,7.24,50918,3190,343,11387,6.26,10.75,1166.94,1117,6365,0
40,Jules,human,18,4,0,1.28,0,5657,545,9.53,38909,2613,371,12619,6.72,14.2,2230.69,1113,5080,90
41,Kai,ai,13,6,1,1.89,0,7198,581,7.29,37717,2533,263,8967,6.72,10.38,1245.76,915,4865,0
42,Nova,ai,22,2,0,1.26,0,7117,593,7.31,37552,2356,280,9320,6.27,11.88,1309.54,879,4691,0
43,Jules,human,19,5,0,1.22,0,7585,752,9.52,52002,3545,504,17056,6.82,14.22,2248.65,1485,6759,96
44,Maya,human,21,1,0,1.24,0,9577,964,9.81,67848,4621,657,22233,6.81,14.22,2321.5,2026,8894,132
45,Kai,ai,12,0,0,1.11,0,3607,303,7.38,19092,1284,167,5463,6.73,13.01,1514.56,469,2406,0
46,Nova,ai,22,2,1,2.03,0,8330,700,7.45,44575,2900,355,11795,6.51,12.24,1415.97,1127,5696,0
47,Kai,ai,12,4,1,1.9,0,6881,549,7.16,35439,2257,235,8035,6.37,10.41,1167.71,831,4467,0
48,Kai,ai,16,1,1,1.85,0,6513,540,7.34,34468,2236,221,7269,6.49,9.88,1116.08,859,4456,0
49,Kai,ai,16,1,0,1.15,0,3773,289,7.23,19598,1306,144,4636,6.66,11.03,1228.73,476,2471,0
50,Kai,ai,17,0,1,1.8,0,8006,632,7.32,42152,2799,333,11277,6.64,11.9,1408.57,996,5418,0
51,Jules,human,21,1,0,1.28,0,9276,929,9.75,65233,4437,610,20210,6.8,13.75,2178.74,1753,8494,90
52,Ren,human,19,1,1,2.02,7,14982,1515,9.92,106822,7239,801,26889,6.78,11.07,1794.75,2922,13757,54
53,Priya,human,19,3,1,2,0,11780,1168,9.55,80686,5321,609,20481,6.59,11.45,1738.62,2240,10947,114
54,Maya,human,20,5,0,1.32,0,10734,1066,9.8,75612,5069,710,23570,6.7,14.01,2195.83,2129,9798,108
55,Maya,human,19,6,1,1.78,0,12287,1213,9.75,86513,5859,703,23787,6.77,12,1935.95,2580,11450,120
56,Ren,human,17,2,1,2.02,6,8546,859,9.89,60767,4121,467,15483,6.78,11.33,1811.72,1607,7942,54
57,Kai,ai,17,0,1,1.81,0,5662,458,7.18,29139,1931,202,6858,6.63,10.46,1211.23,707,3704,0
58,Jules,human,21,4,0,1.19,0,7845,793,9.87,55818,3549,438,14682,6.36,12.34,1871.51,1580,7316,96
59,Jules,human,17,1,0,1.3,0,5079,524,10.16,37081,2474,336,11064,6.67,13.58,2178.38,1074,4760,108
60,Ren,human,20,0,0,1.26,7,8654,855,9.99,62198,4092,486,16234,6.58,11.88,1875.9,1698,7998,54
